puesto;canalreclutamiento;oficina
Coordinador De La Oficina Central;CV en persona;Argentina
Ama De Casa;CV en persona;Argentina
Ama De Casa;CV en persona;Argentina
Ama De Llaves;CV en persona;Argentina
Ama De Llaves;CV en persona;Argentina
Ama De Llaves;CV en persona;Argentina
Ama De Llaves;CV en persona;Argentina
Asistente De Recursos Humanos;CV en persona;Argentina
Asistente De Recursos Humanos;CV en persona;Argentina
Asistente De Recursos Humanos;CV en persona;Argentina
Asistente De Recursos Humanos;CV en persona;Argentina
Coordinadora De Derechos Humanos;CV en persona;Argentina
Interlocutor En El País;CV en persona;Argentina
Interno;CV en persona;Argentina
Gerente De Ti;CV en persona;Argentina
Gerente De Ti;CV en persona;Argentina
Creador De Contenido Júnior;CV en persona;Argentina
Creador De Contenido Júnior;CV en persona;Argentina
Creador De Contenido Júnior;CV en persona;Argentina
Derecho Y Humano;CV en persona;Argentina
Científico Principal;CV en persona;Argentina
Científico Principal;CV en persona;Argentina
Coordinador De Servicios Legales;CV en persona;Argentina
Administrador De La Logia;CV en persona;Argentina
Administrador De La Logia;CV en persona;Argentina
Biólogo Marino;CV en persona;Argentina
Coordinador Médico;CV en persona;Argentina
Coordinador Médico;CV en persona;Argentina
Coordinador Médico;CV en persona;Argentina
Coordinador Médico;CV en persona;Argentina
Coordinador Médico;CV en persona;Argentina
Supervisor Medico;CV en persona;Argentina
Diseñador De Gráficos En Movimiento;CV en persona;Argentina
Asistente De Viajes Na;CV en persona;Argentina
Asistente De Viajes Na;CV en persona;Argentina
Supervisor De Proyecto Nómada;CV en persona;Argentina
Supervisor De Proyecto Nómada;CV en persona;Argentina
Supervisor De Proyecto Nómada;CV en persona;Argentina
Supervisor De Proyecto Nómada;CV en persona;Argentina
Oficina Y Personal;CV en persona;Argentina
Asistente De Oficina;CV en persona;Argentina
Asistente De Oficina;CV en persona;Argentina
Asistente De Oficina;CV en persona;Argentina
Asistente De Oficina;CV en persona;Argentina
Asistente De Oficina;CV en persona;Argentina
Asistente De Oficina;CV en persona;Argentina
Asistente De Oficina;CV en persona;Argentina
Gerente De Oficina;CV en persona;Argentina
Gerente De Oficina;CV en persona;Argentina
Gerente De Operaciones;CV en persona;Argentina
Gerente De Operaciones;CV en persona;Argentina
Gerente De Operaciones;CV en persona;Argentina
Directora De Alianzas;CV en persona;Argentina
Asesor De Programa;CV en persona;Argentina
Asesor De Programa;CV en persona;Argentina
Asesor De Programa;CV en persona;Argentina
Asesor De Programa;CV en persona;Argentina
Asesor De Programa;CV en persona;Argentina
Asesor De Programa;CV en persona;Argentina
Asesor De Programa;CV en persona;Argentina
Asesor De Programa;CV en persona;Argentina
Asesor De Programa;CV en persona;Argentina
Asesor De Programa;CV en persona;Argentina
Asesor De Programa;CV en persona;Argentina
Asesor De Programa;CV en persona;Argentina
Asesor De Programa;CV en persona;Argentina
Asesor De Programa;CV en persona;Argentina
Asesor De Programa;CV en persona;Argentina
Director De Programacion;CV en persona;Argentina
Oficial De Programas;CV en persona;Argentina
Oficial De Programas;CV en persona;Argentina
Oficial De Programas;CV en persona;Argentina
Programador;CV en persona;Argentina
Programador;CV en persona;Argentina
Programador;CV en persona;Argentina
Programador;CV en persona;Argentina
Programador;CV en persona;Argentina
Supervisor De Actividades Del Proyecto;CV en persona;Argentina
Supervisor De Actividades Del Proyecto;CV en persona;Argentina
Asistente De Proyecto;CV en persona;Argentina
Coordinador Del Proyecto;CV en persona;Argentina
Coordinador Del Proyecto;CV en persona;Argentina
Coordinador Del Proyecto;CV en persona;Argentina
Coordinador Del Proyecto;CV en persona;Argentina
Coordinador Del Proyecto;CV en persona;Argentina
Coordinador Del Proyecto;CV en persona;Argentina
Coordinador Del Proyecto;CV en persona;Argentina
Coordinador Del Proyecto;CV en persona;Argentina
Coordinador Del Proyecto;CV en persona;Argentina
Coordinador Del Proyecto;CV en persona;Argentina
Coordinador Del Proyecto;CV en persona;Argentina
Coordinador Del Proyecto;CV en persona;Argentina
Coordinador Del Proyecto;CV en persona;Argentina
Coordinador Del Proyecto;CV en persona;Argentina
Coordinador Del Proyecto;CV en persona;Argentina
Coordinador Del Proyecto;CV en persona;Argentina
Coordinador Del Proyecto;CV en persona;Argentina
Coordinador Del Proyecto;CV en persona;Argentina
Coordinador Del Proyecto;CV en persona;Argentina
Coordinador Del Proyecto;CV en persona;Argentina
Coordinador Del Proyecto;CV en persona;Argentina
Coordinador Del Proyecto;CV en persona;Argentina
Coordinador Del Proyecto;CV en persona;Argentina
Coordinador Del Proyecto;CV en persona;Argentina
Coordinador Del Proyecto;CV en persona;Argentina
Coordinador Del Proyecto;CV en persona;Argentina
Experto En Proyectos;CV en persona;Argentina
Experto En Proyectos;CV en persona;Argentina
Experto En Proyectos;CV en persona;Argentina
Experto En Proyectos;CV en persona;Argentina
Experto En Proyectos;CV en persona;Argentina
Experto En Proyectos;CV en persona;Argentina
Coordinador De Proyecto De Campo;CV en persona;Argentina
Gerente De Proyecto;CV en persona;Argentina
Gerente De Proyecto;CV en persona;Argentina
